{
  "sourceFile": "D:\\convertModels\\work\\7d1c3f63ca1a4dbdb0fae1bf913640d6_999_转换中\\MAX\\oor23x24_01.maxbk0.max",
  "gltfFiles": [
    "XQ7V27W41M7N147DIRWTW2OUC2OJ8MZP6.gltf"
  ],
  "texFiles": {
    "M76WVR91SX8DQYWT8IE1QXQ204ZZUI7Z7": ".bin",
    "X9NQCOWDCEQ6OXFNWCZ6QM3TWD8NK287W": "smd_1.jpg"
  },
  "size": [
    2.29992,
    0.1,
    2.4
  ],
  "faces": 76,
  "verts": 44,
  "nodes": 8,
  "createTime": "2022-01-10 15:51:18",
  "author": "1854",
  "computer": "CHR-221",
  "max": "#(22000, 55, 0, 22, 0, 0, 757, 2020, \"\")",
  "version": "2.1",
  "extensionsFile": "extensions.ext",
  "anim": [
    "Auto_Open",
    "Auto_Close"
  ]
}
