{
  "sourceFile": "D:\\convertModels\\work\\878f687125144049af5a0ed9e3d1f1d4_999_转换中\\MAX\\门_双开木纹门A_01.maxbk0.max",
  "gltfFiles": [
    "EE22TO7627Y1T1ZVWGWWNTENNY9D0G71I.gltf"
  ],
  "texFiles": {
    "GE0QMZ2VOOYCX9Y05WW46CQUNIHT2RJ76": ".bin",
    "DQ1QT9UKCJUWK5868G3D82O025FJW29J6": "smd_1.jpg"
  },
  "size": [
    2.03715,
    0.0800537,
    2.3
  ],
  "faces": 68,
  "verts": 40,
  "nodes": 8,
  "createTime": "2021-12-31 16:45:40",
  "author": "1854",
  "computer": "CHR-221",
  "max": "#(22000, 55, 0, 22, 0, 0, 757, 2020, \"\")",
  "version": "2.1",
  "extensionsFile": "extensions.ext",
  "anim": [
    "Auto_Open",
    "Auto_Close"
  ]
}
