{
  "sourceFile": "D:\\convertModels\\work\\bbb421d960144ccb93c873ed506cd0f1_999_转换中\\MAX\\lassDoor_01.maxbk0.max",
  "gltfFiles": [
    "NCYJY1M36UXW377O9US2F7CRTUSMO4QI8.gltf"
  ],
  "texFiles": {
    "PVTT37WIADOGJ76PF4IG8PV2FDWDTNIGE": ".bin",
    "8CYH6VI3U10GW6N29YUPO0C2O4SEUNWMH": "smd_1.png",
    "YVPH01Q372GZYI35TT748NNOOWITT704A": "smd_3.jpg",
    "NN53224A7SX33DO4QU74O68Q81648WORJ": "smd_4.png"
  },
  "size": [
    1.62803,
    0.275982,
    3.0
  ],
  "faces": 840,
  "verts": 452,
  "nodes": 8,
  "createTime": "2021-12-31 16:54:04",
  "author": "1854",
  "computer": "CHR-224",
  "max": "#(22000, 55, 0, 22, 0, 0, 757, 2020, \"\")",
  "version": "2.1",
  "extensionsFile": "extensions.ext",
  "anim": [
    "Auto_Open",
    "Auto_Close"
  ]
}
