{
  "sourceFile": "D:\\work\\1bcb7c14-483f-4ed2-b4d5-ef3268cd71f2_999_转换中\\MAX\\8000wxz松树01.maxbk0.max",
  "gltfFiles": [
    "3TCEA41EOZNDO8PQX90SP900PT46EJU0T.gltf"
  ],
  "texFiles": {
    "OU6PQZUEJNVXHDYN4O77R1424U2QOE02R": ".bin",
    "TWIGFTWC77N2OJNDEF40RAZ0TJZ0PQ1S5": "smd_1_f_tga_f_png.jpg",
    "ZUSGJTSQJP6GAP6YDE81MQDKDEDIE3Y7O": "smd_2_f_tga.png"
  },
  "size": [
    8.81326,
    10.7119,
    20.5255
  ],
  "faces": 2778,
  "verts": 3958,
  "nodes": 1,
  "createTime": "2020-08-29 22:28:25",
  "author": "1854",
  "computer": "DHJP-20160806JM",
  "max": "#(22000, 55, 0, 22, 0, 0, 757, 2020, \"\")",
  "version": "2.1",
  "extensionsFile": "extensions.json"
}
