{
  "sourceFile": "D:\\convertModels\\work\\4d723674a6684bd69703fc6afa44a064_999_转换中\\MAX\\0022000电梯联动.maxbk0.max",
  "gltfFiles": [
    "CQU1GU1NEW8NEP72W418CMWN1DOP2D9UI.gltf"
  ],
  "texFiles": {
    "GWD8Q3ZNCFP2C9YWXJPJOG14UP94I2J76": ".bin",
    "D3615HJ1O3TPU5W0WMT4KRO16QQT6TJZK": "smd_2.jpg",
    "YF80I12ITJ0VTAPN7E1PUX8D1TQ2WRAYQ": "smd_4.jpg",
    "CZ1U51PKE866GP30KYO67YQ4OIEPK48P2": "smd_3.jpg",
    "YHY2P9USQJ6CE1P1V2QNNQ94OETW7I7YC": "smd_1.jpg",
    "DW2UYEPIC96PSTJY24T4UY8PVE97ST1WQ": "smd_6.jpg",
    "E716EJJ1O97O41YCPXFUCY16SM8POIAUN": "smd_5.jpg",
    "IT28YW0VPUWUMZ20QZPDCG9DVPW0WI9PI": "smd_9.jpg",
    "YT8SXW61RT4SQTPD7IOP1CQ1WR786O3ZS": "smd_10.jpg",
    "51PUGQZKI7DSE3PPVXZ47P8J1MEZI58UK": "smd_11.jpg"
  },
  "size": [
    1.91901,
    1.66104,
    2.2
  ],
  "faces": 162,
  "verts": 140,
  "nodes": 7,
  "createTime": "2022-01-10 15:42:24",
  "author": "1854",
  "computer": "CHR-221",
  "max": "#(22000, 55, 0, 22, 0, 0, 757, 2020, \"\")",
  "version": "2.1",
  "extensionsFile": "extensions.ext",
  "anim": [
    "电梯开",
    "电梯关"
  ]
}
