{
  "sourceFile": "D:\\convertModels\\work\\543aabf734a14f809bfef0b57bbcc9ba_999_转换中\\MAX\\22000植物上传.maxbk0.max",
  "gltfFiles": [
    "O71RF1OIUWN2WD8UPFJ8RF41GZY75OZ6E.gltf"
  ],
  "texFiles": {
    "E2N4FUKOZT22QDUQDEJ85QUST78UXOPWX": ".bin",
    "1JQQUJQDYQN0GO2CYFPKCZ6WCWYQQEZC2": "smd_1.jpg",
    "3ZWI96V2W66DRHY6C1UV49ZQCA01OW11R": "smd_2.png"
  },
  "size": [
    9.95703,
    9.81658,
    14.6461
  ],
  "faces": 1341,
  "verts": 1672,
  "nodes": 1,
  "createTime": "2022-11-16 11:33:48",
  "author": "1854",
  "computer": "TY-IP211",
  "max": "#(22000, 55, 0, 22, 0, 0, 757, 2020, \"\")",
  "version": "2.1",
  "extensionsFile": "extensions.ext"
}
