{
  "sourceFile": "D:\\convertModels\\work\\554d5045bf7347868ff6f6e5a18c9f3f_999_转换中\\MAX\\门_单开木纹门A_01.maxbk0.max",
  "gltfFiles": [
    "PHUVWPZJN2Z1SG8Y6I7P7QWZ1Q8ZNTH8S.gltf"
  ],
  "texFiles": {
    "E32VTU8VOUJQ298OWPU16C7DICHPU2OUI": ".bin",
    "DQ1QT9UKCJUWK5868G3D82O025FJW29J6": "smd_1.jpg"
  },
  "size": [
    1.1,
    0.0800537,
    2.3
  ],
  "faces": 56,
  "verts": 32,
  "nodes": 6,
  "createTime": "2021-12-31 16:49:04",
  "author": "1854",
  "computer": "CHR-224",
  "max": "#(22000, 55, 0, 22, 0, 0, 757, 2020, \"\")",
  "version": "2.1",
  "extensionsFile": "extensions.ext",
  "anim": [
    "Auto_Open",
    "Auto_Close"
  ]
}
